-3.256406546e+00,6.611346602e-01,-6.023558229e-02,2.115872353e-01,5.617996454e-01,4.020840526e-01,3.291184306e-01,5.843597054e-01,5.286663175e-01,-1.490331348e-02,-2.554599941e-01,8.501061052e-02,3.378993571e-01
-3.253167868e+00,7.693251967e-01,-5.580122396e-02,1.670989096e-01,5.560963154e-01,3.596907556e-01,2.857165039e-01,6.133951545e-01,5.740913749e-01,1.661618240e-02,-2.414359748e-01,8.520653099e-02,3.279383481e-01
-3.165526152e+00,8.762776852e-01,8.393853903e-03,1.816461831e-01,5.168722868e-01,2.704083920e-01,1.970514655e-01,5.744143724e-01,5.649268627e-01,9.217891842e-03,-2.377799898e-01,1.013184264e-01,3.492207229e-01
-3.140296459e+00,8.799699545e-01,-8.493387140e-03,1.871552318e-01,5.201234221e-01,2.701248825e-01,2.099968344e-01,5.764991045e-01,5.589944124e-01,1.361145265e-02,-2.372014821e-01,9.934075922e-02,3.525688946e-01
-3.084478378e+00,7.786447406e-01,-4.277708754e-02,2.009742111e-01,5.212067366e-01,3.303391039e-01,2.706473768e-01,5.731721520e-01,5.494844317e-01,8.957574144e-03,-2.373591959e-01,1.002077833e-01,3.449764848e-01
-3.110621691e+00,6.950935721e-01,-6.046255305e-02,2.042747885e-01,5.443486571e-01,3.774183691e-01,3.173583448e-01,5.951983929e-01,5.497296453e-01,1.661838964e-03,-2.475091815e-01,8.773202449e-02,3.350415826e-01
-3.241012335e+00,7.591975331e-01,-5.824822932e-02,1.933883131e-01,5.420646667e-01,3.365048766e-01,2.950417101e-01,6.203106046e-01,5.784102678e-01,2.136424556e-02,-2.439253330e-01,8.782014251e-02,3.297535479e-01
-3.265564919e+00,8.164980412e-01,4.459824786e-02,1.963930875e-01,4.976294339e-01,2.613814771e-01,1.937283128e-01,5.769287348e-01,5.746167898e-01,7.704691030e-03,-2.437066287e-01,1.034439355e-01,3.501993418e-01
-3.339093447e+00,7.667849064e-01,5.741664022e-02,1.962555498e-01,4.873386621e-01,2.717733085e-01,2.012186348e-01,5.704488158e-01,5.722358227e-01,8.929916658e-03,-2.427277267e-01,1.072041765e-01,3.507978916e-01
-3.428723574e+00,6.755562425e-01,2.652298845e-02,1.930994391e-01,5.027292371e-01,3.234805167e-01,2.563251555e-01,5.759038925e-01,5.484861135e-01,5.042802542e-03,-2.342362851e-01,1.048128456e-01,3.445796967e-01
-3.516439915e+00,6.135056615e-01,3.950437158e-02,1.978971809e-01,4.999016821e-01,3.451872468e-01,2.687905133e-01,5.593522191e-01,5.305932760e-01,-4.321331158e-03,-2.407711595e-01,1.038020775e-01,3.456440568e-01
-3.586708069e+00,5.784431100e-01,8.248643577e-02,2.152509689e-01,4.678825736e-01,3.160221577e-01,2.500268519e-01,5.430444479e-01,5.341485143e-01,6.848840974e-03,-2.489724159e-01,9.405234456e-02,3.529368043e-01
-3.592188358e+00,5.842760205e-01,1.015398875e-01,2.183582485e-01,4.473594725e-01,2.898176610e-01,2.291840911e-01,5.332564116e-01,5.457059741e-01,3.371424600e-02,-2.317097187e-01,9.277343750e-02,3.483330905e-01
-3.563432932e+00,6.040526628e-01,9.194733948e-02,2.107834667e-01,4.557715058e-01,2.991533279e-01,2.340633273e-01,5.411702991e-01,5.513713360e-01,2.813955955e-02,-2.396080345e-01,9.461540729e-02,3.546003103e-01
-3.498236418e+00,6.327536106e-01,3.724533319e-02,1.817317903e-01,5.029230118e-01,3.633660674e-01,2.661276162e-01,5.455076694e-01,5.384808183e-01,8.962496184e-03,-2.475019991e-01,9.527710080e-02,3.489418924e-01
-3.423094988e+00,6.702065468e-01,-7.070795167e-03,1.676502079e-01,5.409131050e-01,3.944357038e-01,2.845872641e-01,5.644232035e-01,5.391140580e-01,-3.208905924e-03,-2.488555163e-01,9.447757900e-02,3.393971324e-01
-3.363742113e+00,7.131161094e-01,-1.679186337e-02,1.611203700e-01,5.411225557e-01,3.761083186e-01,2.763495147e-01,5.948436260e-01,5.762572885e-01,9.343771264e-03,-2.495556474e-01,9.096926451e-02,3.265281022e-01
-3.246622801e+00,8.304919600e-01,2.966006659e-02,1.747796983e-01,5.073254108e-01,2.869731784e-01,1.966398060e-01,5.652542114e-01,5.701511502e-01,8.104380220e-03,-2.406416982e-01,1.071027592e-01,3.466162384e-01
-3.191001892e+00,8.560252190e-01,5.475720391e-03,1.771324575e-01,5.180795193e-01,2.837226987e-01,2.060653269e-01,5.732926130e-01,5.632439852e-01,1.012662426e-02,-2.360002995e-01,1.025028601e-01,3.481182456e-01
-3.114424467e+00,7.866077423e-01,-4.921029508e-02,1.954255849e-01,5.266267061e-01,3.375786245e-01,2.722788155e-01,5.724083185e-01,5.497570038e-01,9.376481175e-03,-2.379912287e-01,9.915945679e-02,3.440566361e-01
-3.090252876e+00,7.044729590e-01,-6.618030369e-02,1.988213956e-01,5.505697727e-01,3.851985037e-01,3.182191253e-01,5.935215354e-01,5.495910048e-01,1.416217652e-03,-2.491053790e-01,8.635484427e-02,3.347211480e-01
-3.179254055e+00,7.879628539e-01,-7.588616759e-02,1.955532879e-01,5.444870591e-01,3.407087922e-01,2.969723642e-01,6.134059429e-01,5.789253116e-01,2.015224099e-02,-2.455166280e-01,8.937633783e-02,3.279705644e-01
-3.174607992e+00,8.678444028e-01,1.452919189e-02,1.933010072e-01,5.117190480e-01,2.582224011e-01,1.975257546e-01,5.796752572e-01,5.668958426e-01,9.922270663e-03,-2.402418703e-01,9.943996370e-02,3.516304195e-01
-3.217472076e+00,8.374806643e-01,2.035554312e-02,1.939482987e-01,5.062915683e-01,2.637443542e-01,2.034930140e-01,5.776136518e-01,5.642863512e-01,1.040482521e-02,-2.380816042e-01,1.013885662e-01,3.518809080e-01
-3.269499540e+00,7.514066100e-01,-2.198783681e-02,2.057169676e-01,5.132939816e-01,3.147159219e-01,2.679182589e-01,5.749015212e-01,5.455166698e-01,9.531930089e-03,-2.371224463e-01,1.029666439e-01,3.456636071e-01
-3.379489422e+00,6.715275049e-01,-2.472560294e-02,2.050655186e-01,5.361059308e-01,3.561311066e-01,3.018251956e-01,5.897226930e-01,5.347595811e-01,-3.778103041e-03,-2.486539930e-01,8.855818957e-02,3.386391699e-01
-3.487017393e+00,6.387929916e-01,4.353913292e-02,2.017965615e-01,5.015168786e-01,3.321886063e-01,2.620274723e-01,5.822961330e-01,5.605821013e-01,-8.237070870e-04,-2.557909787e-01,9.428403527e-02,3.408572376e-01
-3.538104296e+00,6.296350360e-01,1.037734747e-01,2.180235833e-01,4.512068629e-01,2.776512206e-01,2.178903371e-01,5.471042395e-01,5.625855923e-01,2.818545327e-02,-2.418643236e-01,9.692113847e-02,3.538599610e-01
-3.585545778e+00,5.887451768e-01,9.979456663e-02,2.177257836e-01,4.489312172e-01,2.899289429e-01,2.297348827e-01,5.364239812e-01,5.471525192e-01,3.134033084e-02,-2.330072224e-01,9.463565797e-02,3.495578468e-01
-3.583292246e+00,5.786281824e-01,7.238055766e-02,2.023693472e-01,4.687606394e-01,3.301229477e-01,2.552322745e-01,5.308431983e-01,5.245899558e-01,1.453062054e-02,-2.360381633e-01,9.874814004e-02,3.533640206e-01
-3.535320044e+00,6.072499752e-01,4.590388387e-02,1.834763438e-01,4.902483225e-01,3.594773114e-01,2.658069134e-01,5.322011113e-01,5.255512595e-01,1.231360715e-02,-2.384589612e-01,9.873978049e-02,3.504444957e-01
-3.485777378e+00,6.405795217e-01,3.332238272e-02,1.816328615e-01,5.079549551e-01,3.637676835e-01,2.666195333e-01,5.554767847e-01,5.495286584e-01,8.648222312e-03,-2.546620369e-01,9.085606039e-02,3.456753194e-01
-3.371314287e+00,7.482980490e-01,5.965131149e-02,1.813085377e-01,4.852106869e-01,2.984297872e-01,2.067876011e-01,5.497986674e-01,5.690556765e-01,1.761212386e-02,-2.457099408e-01,1.054529622e-01,3.528438807e-01
-3.293859243e+00,7.961890101e-01,3.331105039e-02,1.727856845e-01,5.042445064e-01,3.010725081e-01,2.070319057e-01,5.622283816e-01,5.698669553e-01,1.080984995e-02,-2.411051840e-01,1.080544591e-01,3.470770717e-01
-3.221680403e+00,7.846606374e-01,-4.675374925e-02,1.825888604e-01,5.357804894e-01,3.432708383e-01,2.731394470e-01,5.730540752e-01,5.477125049e-01,1.200060826e-02,-2.395431548e-01,9.902676940e-02,3.429976106e-01
-3.156220913e+00,7.138363719e-01,-7.230430841e-02,1.931964606e-01,5.567730069e-01,3.929457664e-01,3.196681440e-01,5.924361348e-01,5.499689579e-01,1.225544838e-03,-2.507508993e-01,8.471129835e-02,3.337704837e-01
-3.185191154e+00,7.920246124e-01,-7.615096122e-02,1.855611950e-01,5.516373515e-01,3.473822773e-01,2.955126464e-01,6.124382615e-01,5.758254528e-01,2.053039894e-02,-2.455419451e-01,8.793473989e-02,3.284554780e-01
-3.140553713e+00,8.877598643e-01,2.585680922e-03,1.890912205e-01,5.173576474e-01,2.608963847e-01,1.988725364e-01,5.778226852e-01,5.638529062e-01,1.116723288e-02,-2.390994132e-01,9.905068576e-02,3.519519269e-01
-3.148646593e+00,8.736777902e-01,-3.347191727e-03,1.934928000e-01,5.155732632e-01,2.630368173e-01,2.092357427e-01,5.774558783e-01,5.596155524e-01,1.390259061e-02,-2.384259105e-01,9.928367287e-02,3.538961112e-01
-3.137387514e+00,7.689969540e-01,-3.586329147e-02,2.062815428e-01,5.155285597e-01,3.234217167e-01,2.693151236e-01,5.734716654e-01,5.483751297e-01,8.400216699e-03,-2.365475893e-01,1.011790931e-01,3.457761109e-01
-3.217321157e+00,6.885414720e-01,-5.446390808e-02,2.097144723e-01,5.383039117e-01,3.693583608e-01,3.157204986e-01,5.961442590e-01,5.490616560e-01,8.756454918e-04,-2.470366359e-01,8.786902577e-02,3.341996372e-01
-3.354201794e+00,7.070230842e-01,-1.655634679e-02,1.904966682e-01,5.328751206e-01,3.380203247e-01,2.818793952e-01,6.175249219e-01,5.740090013e-01,9.344007820e-03,-2.452710122e-01,8.573198318e-02,3.284008503e-01
-3.400967836e+00,7.309275866e-01,8.330498636e-02,2.066675872e-01,4.727734923e-01,2.665872872e-01,1.985920668e-01,5.656316876e-01,5.789679885e-01,1.387832128e-02,-2.508648634e-01,1.041611582e-01,3.555306196e-01
-3.486766577e+00,6.661469936e-01,9.321558475e-02,2.121724337e-01,4.597953260e-01,2.751801312e-01,2.136851698e-01,5.572496653e-01,5.684230924e-01,1.922938973e-02,-2.466100752e-01,1.026430950e-01,3.579430580e-01
-3.561755419e+00,5.922675729e-01,6.792707741e-02,2.063551098e-01,4.780744910e-01,3.290169537e-01,2.573768497e-01,5.467713475e-01,5.333381295e-01,6.023776717e-03,-2.429155558e-01,1.008319557e-01,3.530612290e-01
-3.583682060e+00,5.767163038e-01,6.933753192e-02,2.010659873e-01,4.697085619e-01,3.319940567e-01,2.563745975e-01,5.281096101e-01,5.176433325e-01,1.013110951e-02,-2.328963578e-01,1.040084139e-01,3.539659381e-01
-3.582215786e+00,5.804992914e-01,7.532725483e-02,2.056733370e-01,4.692212641e-01,3.263737559e-01,2.520468533e-01,5.332733393e-01,5.287360549e-01,1.212738454e-02,-2.444583178e-01,9.259793162e-02,3.520589769e-01
-3.514289379e+00,6.448225975e-01,9.017255902e-02,2.039499283e-01,4.586208463e-01,2.937714756e-01,2.219613045e-01,5.406395197e-01,5.582426786e-01,2.787292562e-02,-2.425697446e-01,9.705131501e-02,3.566767573e-01
-3.432178497e+00,7.002390027e-01,6.338483095e-02,1.856426448e-01,4.799697697e-01,3.090858459e-01,2.223416418e-01,5.485868454e-01,5.645802021e-01,2.223803848e-02,-2.438648045e-01,1.021779180e-01,3.534913659e-01
